timestamp,symbol,action,entry_price,exit_price,profit,status
2025-08-12 08:25:12,EURUSD,BUY,0.0,0,0,OPEN
2025-08-12 08:25:16,GBPUSD,BUY,0.0,0,0,OPEN
2025-08-12 08:25:20,USDJPY,BUY,0.0,0,0,OPEN
2025-08-12 08:25:39,EURUSD,SELL,0.0,0,0,OPEN
2025-08-12 08:25:43,GBPUSD,SELL,0.0,0,0,OPEN
2025-08-12 08:25:47,USDJPY,BUY,0.0,0,0,OPEN
2025-08-12 08:26:06,EURUSD,SELL,0.0,0,0,OPEN
2025-08-12 08:26:29,EURUSD,SELL,0.0,0,0,OPEN
2025-08-12 08:26:32,GBPUSD,SELL,0.0,0,0,OPEN
2025-08-12 08:26:36,USDJPY,SELL,0.0,0,0,OPEN
2025-08-12 08:26:57,GBPUSD,BUY,0.0,0,0,OPEN
2025-08-12 08:27:01,USDJPY,SELL,0.0,0,0,OPEN
2025-08-12 08:27:24,USDJPY,BUY,0.0,0,0,OPEN
2025-08-12 08:27:46,GBPUSD,BUY,0.0,0,0,OPEN
2025-08-12 08:28:07,EURUSD,SELL,0.0,0,0,OPEN
2025-08-12 08:28:11,GBPUSD,SELL,0.0,0,0,OPEN
2025-08-12 08:28:15,USDJPY,SELL,0.0,0,0,OPEN
2025-08-12 08:28:33,EURUSD,SELL,0.0,0,0,OPEN
2025-08-12 08:28:39,USDJPY,BUY,0.0,0,0,OPEN
2025-08-12 08:28:51,USDJPY,SELL,0.0,0,0,OPEN
2025-08-12 08:29:10,EURUSD,SELL,0.0,0,0,OPEN
2025-08-12 08:29:14,GBPUSD,BUY,0.0,0,0,OPEN
2025-08-12 08:29:37,GBPUSD,SELL,0.0,0,0,OPEN
2025-08-12 08:29:41,USDJPY,BUY,0.0,0,0,OPEN
2025-08-12 08:30:01,GBPUSD,BUY,0.0,0,0,OPEN
2025-08-12 08:30:27,USDJPY,BUY,0.0,0,0,OPEN
2025-08-12 08:30:46,EURUSD,BUY,0.0,0,0,OPEN
2025-08-12 08:30:49,GBPUSD,BUY,0.0,0,0,OPEN
2025-08-12 08:30:53,USDJPY,SELL,0.0,0,0,OPEN
2025-08-12 08:31:12,EURUSD,BUY,0.0,0,0,OPEN
2025-08-12 08:31:18,USDJPY,BUY,0.0,0,0,OPEN
2025-08-12 08:31:36,EURUSD,BUY,0.0,0,0,OPEN
2025-08-12 08:31:40,GBPUSD,SELL,0.0,0,0,OPEN
2025-08-12 08:32:00,EURUSD,SELL,0.0,0,0,OPEN
2025-08-12 08:32:04,GBPUSD,BUY,0.0,0,0,OPEN
2025-08-12 08:32:08,USDJPY,SELL,0.0,0,0,OPEN
2025-08-12 08:32:27,EURUSD,BUY,0.0,0,0,OPEN
2025-08-12 08:32:33,USDJPY,BUY,0.0,0,0,OPEN
2025-08-12 08:32:57,USDJPY,SELL,0.0,0,0,OPEN
2025-08-12 08:33:17,GBPUSD,BUY,0.0,0,0,OPEN
2025-08-12 08:33:38,EURUSD,BUY,0.0,0,0,OPEN
2025-08-12 08:33:44,USDJPY,SELL,0.0,0,0,OPEN
2025-08-12 08:34:03,EURUSD,BUY,0.0,0,0,OPEN
2025-08-12 08:34:09,USDJPY,SELL,0.0,0,0,OPEN
2025-08-12 08:35:11,EURUSD,SELL,0.0,0,0,OPEN
2025-08-12 08:35:15,GBPUSD,SELL,0.0,0,0,OPEN
2025-08-12 08:35:19,USDJPY,BUY,0.0,0,0,OPEN
2025-08-12 08:35:37,EURUSD,SELL,0.0,0,0,OPEN
2025-08-12 08:35:43,USDJPY,SELL,0.0,0,0,OPEN
2025-08-12 08:36:04,GBPUSD,BUY,0.0,0,0,OPEN
2025-08-12 08:36:08,USDJPY,BUY,0.0,0,0,OPEN
2025-08-12 08:36:31,USDJPY,BUY,0.0,0,0,OPEN
2025-08-12 08:36:52,GBPUSD,SELL,0.0,0,0,OPEN
2025-08-12 08:36:55,USDJPY,BUY,0.0,0,0,OPEN
2025-08-12 08:37:10,EURUSD,SELL,0.0,0,0,OPEN
2025-08-12 08:37:14,GBPUSD,SELL,0.0,0,0,OPEN
2025-08-12 08:37:17,USDJPY,SELL,0.0,0,0,OPEN
2025-08-12 08:37:38,GBPUSD,SELL,0.0,0,0,OPEN
2025-08-12 08:37:42,USDJPY,BUY,0.0,0,0,OPEN
2025-08-12 08:38:00,EURUSD,BUY,0.0,0,0,OPEN
2025-08-12 08:38:04,GBPUSD,BUY,0.0,0,0,OPEN
2025-08-12 08:38:24,EURUSD,SELL,0.0,0,0,OPEN
2025-08-12 08:38:30,USDJPY,SELL,0.0,0,0,OPEN
2025-08-12 08:38:49,EURUSD,BUY,0.0,0,0,OPEN
2025-08-12 08:38:54,USDJPY,BUY,0.0,0,0,OPEN
2025-08-12 08:39:13,EURUSD,BUY,0.0,0,0,OPEN
2025-08-12 08:39:16,GBPUSD,SELL,0.0,0,0,OPEN
2025-08-12 08:39:40,GBPUSD,SELL,0.0,0,0,OPEN
2025-08-12 08:40:00,EURUSD,BUY,0.0,0,0,OPEN
2025-08-12 08:40:04,GBPUSD,SELL,0.0,0,0,OPEN
2025-08-12 08:40:27,GBPUSD,SELL,0.0,0,0,OPEN
2025-08-12 08:40:48,EURUSD,BUY,0.0,0,0,OPEN
2025-08-12 08:40:52,GBPUSD,BUY,0.0,0,0,OPEN
2025-08-12 08:40:56,USDJPY,SELL,0.0,0,0,OPEN
2025-08-12 08:41:17,GBPUSD,BUY,0.0,0,0,OPEN
2025-08-12 08:41:40,GBPUSD,BUY,0.0,0,0,OPEN
2025-08-12 08:42:03,GBPUSD,SELL,0.0,0,0,OPEN
2025-08-12 08:42:24,EURUSD,BUY,0.0,0,0,OPEN
2025-08-12 08:42:28,GBPUSD,BUY,0.0,0,0,OPEN
2025-08-12 08:42:32,USDJPY,BUY,0.0,0,0,OPEN
2025-08-12 08:42:50,EURUSD,BUY,0.0,0,0,OPEN
2025-08-12 08:42:54,GBPUSD,BUY,0.0,0,0,OPEN
2025-08-12 08:43:15,EURUSD,BUY,0.0,0,0,OPEN
2025-08-12 08:43:19,GBPUSD,BUY,0.0,0,0,OPEN
2025-08-12 08:43:22,USDJPY,SELL,0.0,0,0,OPEN
2025-08-12 08:43:41,EURUSD,BUY,0.0,0,0,OPEN
2025-08-12 08:43:44,GBPUSD,BUY,0.0,0,0,OPEN
2025-08-12 08:43:48,USDJPY,BUY,0.0,0,0,OPEN
2025-08-12 08:44:07,EURUSD,BUY,0.0,0,0,OPEN
2025-08-12 08:44:10,GBPUSD,SELL,0.0,0,0,OPEN
2025-08-12 08:44:31,EURUSD,BUY,0.0,0,0,OPEN
2025-08-12 08:44:54,EURUSD,BUY,0.0,0,0,OPEN
2025-08-12 08:44:58,GBPUSD,BUY,0.0,0,0,OPEN
2025-08-12 08:45:01,USDJPY,BUY,0.0,0,0,OPEN
2025-08-12 08:45:23,GBPUSD,BUY,0.0,0,0,OPEN
2025-08-12 08:45:26,USDJPY,SELL,0.0,0,0,OPEN
2025-08-12 08:45:45,EURUSD,BUY,0.0,0,0,OPEN
2025-08-12 08:45:48,GBPUSD,BUY,0.0,0,0,OPEN
2025-08-12 08:45:52,USDJPY,BUY,0.0,0,0,OPEN
2025-08-12 08:46:11,EURUSD,BUY,0.0,0,0,OPEN
2025-08-12 08:46:14,GBPUSD,SELL,0.0,0,0,OPEN
2025-08-12 08:46:18,USDJPY,BUY,0.0,0,0,OPEN
2025-08-12 08:46:37,EURUSD,SELL,0.0,0,0,OPEN
2025-08-12 08:47:00,EURUSD,BUY,0.0,0,0,OPEN
2025-08-12 08:52:24,GBPUSD,BUY,0.0,0,0,OPEN
2025-08-12 08:52:27,USDJPY,BUY,0.0,0,0,OPEN
2025-08-12 08:52:46,EURUSD,BUY,0.0,0,0,OPEN
2025-08-12 08:52:52,USDJPY,BUY,0.0,0,0,OPEN
2025-08-12 08:53:10,EURUSD,BUY,0.0,0,0,OPEN
2025-08-12 08:53:14,GBPUSD,BUY,0.0,0,0,OPEN
2025-08-12 08:53:18,USDJPY,BUY,0.0,0,0,OPEN
2025-08-12 08:53:36,EURUSD,BUY,0.0,0,0,OPEN
2025-08-12 08:53:40,GBPUSD,BUY,0.0,0,0,OPEN
2025-08-12 08:53:44,USDJPY,BUY,0.0,0,0,OPEN
2025-08-12 08:54:02,EURUSD,BUY,0.0,0,0,OPEN
2025-08-12 08:54:06,GBPUSD,BUY,0.0,0,0,OPEN
2025-08-12 08:54:10,USDJPY,BUY,0.0,0,0,OPEN
2025-08-12 08:54:28,EURUSD,BUY,0.0,0,0,OPEN
2025-08-12 08:54:32,GBPUSD,BUY,0.0,0,0,OPEN
2025-08-12 08:54:36,USDJPY,BUY,0.0,0,0,OPEN
2025-08-12 08:54:57,GBPUSD,SELL,0.0,0,0,OPEN
2025-08-12 08:55:21,GBPUSD,SELL,0.0,0,0,OPEN
2025-08-12 08:55:24,USDJPY,SELL,0.0,0,0,OPEN
2025-08-12 08:55:43,EURUSD,SELL,0.0,0,0,OPEN
2025-08-12 08:55:46,GBPUSD,BUY,0.0,0,0,OPEN
2025-08-12 08:56:07,EURUSD,SELL,0.0,0,0,OPEN
2025-08-12 08:56:11,GBPUSD,BUY,0.0,0,0,OPEN
2025-08-12 08:56:14,USDJPY,SELL,0.0,0,0,OPEN
2025-08-12 08:56:33,EURUSD,SELL,0.0,0,0,OPEN
2025-08-12 08:56:39,USDJPY,BUY,0.0,0,0,OPEN
2025-08-12 08:56:58,EURUSD,SELL,0.0,0,0,OPEN
2025-08-12 08:57:01,GBPUSD,BUY,0.0,0,0,OPEN
2025-08-12 08:57:05,USDJPY,SELL,0.0,0,0,OPEN
2025-08-12 08:57:33,EURUSD,BUY,0.0,0,0,OPEN
2025-08-12 08:57:39,USDJPY,SELL,0.0,0,0,OPEN
2025-08-12 08:58:00,GBPUSD,SELL,0.0,0,0,OPEN
2025-08-12 08:58:04,USDJPY,BUY,0.0,0,0,OPEN
2025-08-12 08:58:25,GBPUSD,BUY,0.0,0,0,OPEN
2025-08-12 08:58:28,USDJPY,BUY,0.0,0,0,OPEN
2025-08-12 08:58:47,EURUSD,SELL,0.0,0,0,OPEN
2025-08-12 08:58:50,GBPUSD,BUY,0.0,0,0,OPEN
2025-08-12 08:58:54,USDJPY,BUY,0.0,0,0,OPEN
2025-08-12 08:59:15,GBPUSD,BUY,0.0,0,0,OPEN
2025-08-12 08:59:36,EURUSD,SELL,0.0,0,0,OPEN
2025-08-12 08:59:39,GBPUSD,BUY,0.0,0,0,OPEN
2025-08-12 08:59:43,USDJPY,SELL,0.0,0,0,OPEN
2025-08-12 09:00:01,EURUSD,SELL,0.0,0,0,OPEN
2025-08-12 09:00:05,GBPUSD,BUY,0.0,0,0,OPEN
2025-08-12 09:00:09,USDJPY,BUY,0.0,0,0,OPEN
2025-08-12 09:00:30,GBPUSD,BUY,0.0,0,0,OPEN
2025-08-12 09:00:33,USDJPY,BUY,0.0,0,0,OPEN
2025-08-12 09:00:54,GBPUSD,BUY,0.0,0,0,OPEN
2025-08-12 09:01:15,EURUSD,BUY,0.0,0,0,OPEN
2025-08-12 09:01:19,GBPUSD,SELL,0.0,0,0,OPEN
2025-08-12 09:01:22,USDJPY,BUY,0.0,0,0,OPEN
2025-08-12 09:01:41,EURUSD,BUY,0.0,0,0,OPEN
2025-08-12 09:01:45,GBPUSD,SELL,0.0,0,0,OPEN
2025-08-12 09:02:06,EURUSD,SELL,0.0,0,0,OPEN
2025-08-12 09:02:12,USDJPY,BUY,0.0,0,0,OPEN
2025-08-12 09:02:32,GBPUSD,SELL,0.0,0,0,OPEN
2025-08-12 09:02:36,USDJPY,BUY,0.0,0,0,OPEN
2025-08-12 09:03:00,USDJPY,BUY,0.0,0,0,OPEN
2025-08-12 09:03:23,USDJPY,SELL,0.0,0,0,OPEN
2025-08-12 09:03:41,EURUSD,BUY,0.0,0,0,OPEN
2025-08-12 09:03:48,USDJPY,SELL,0.0,0,0,OPEN
2025-08-12 09:04:09,GBPUSD,SELL,0.0,0,0,OPEN
2025-08-12 09:04:12,USDJPY,BUY,0.0,0,0,OPEN
2025-08-12 09:04:33,GBPUSD,SELL,0.0,0,0,OPEN
2025-08-12 09:04:59,USDJPY,BUY,0.0,0,0,OPEN
2025-08-12 09:05:22,USDJPY,BUY,0.0,0,0,OPEN
2025-08-12 09:05:41,EURUSD,BUY,0.0,0,0,OPEN
2025-08-12 09:05:44,GBPUSD,BUY,0.0,0,0,OPEN
2025-08-12 09:06:05,EURUSD,SELL,0.0,0,0,OPEN
2025-08-12 09:06:09,GBPUSD,SELL,0.0,0,0,OPEN
2025-08-12 09:06:13,USDJPY,SELL,0.0,0,0,OPEN
2025-08-12 09:06:33,GBPUSD,SELL,0.0,0,0,OPEN
2025-08-12 09:06:55,EURUSD,SELL,0.0,0,0,OPEN
2025-08-12 09:07:01,USDJPY,BUY,0.0,0,0,OPEN
2025-08-12 09:07:20,EURUSD,BUY,0.0,0,0,OPEN
2025-08-12 09:07:24,GBPUSD,BUY,0.0,0,0,OPEN
2025-08-12 09:07:44,EURUSD,SELL,0.0,0,0,OPEN
2025-08-12 09:07:50,USDJPY,BUY,0.0,0,0,OPEN
2025-08-12 09:08:03,EURUSD,BUY,0.0,0,0,OPEN
2025-08-12 17:30:16,XAUUSDm,SELL,0.0,0,0,OPEN
2025-08-12 17:30:30,XAUUSDm,SELL,0.0,0,0,OPEN
2025-08-12 17:30:44,XAUUSDm,SELL,0.0,0,0,OPEN
2025-08-12 17:30:58,XAUUSDm,SELL,0.0,0,0,OPEN
2025-08-12 17:32:08,XAUUSDm,BUY,0.0,0,0,OPEN
2025-08-12 17:32:23,XAUUSDm,SELL,0.0,0,0,OPEN
2025-08-12 17:32:37,XAUUSDm,SELL,0.0,0,0,OPEN
2025-08-12 17:32:51,XAUUSDm,SELL,0.0,0,0,OPEN
2025-08-12 17:33:05,XAUUSDm,BUY,0.0,0,0,OPEN
2025-08-12 17:34:08,XAUUSDm,SELL,0.0,0,0,OPEN
2025-08-12 17:34:22,XAUUSDm,SELL,0.0,0,0,OPEN
2025-08-12 17:34:36,XAUUSDm,SELL,0.0,0,0,OPEN
2025-08-12 17:34:50,XAUUSDm,SELL,0.0,0,0,OPEN
2025-08-12 17:35:04,XAUUSDm,BUY,0.0,0,0,OPEN
2025-08-12 17:43:10,XAUUSDm,BUY,0.0,0,0,OPEN
2025-08-12 17:43:24,XAUUSDm,BUY,0.0,0,0,OPEN
2025-08-12 17:45:05,XAUUSDm,SELL,0.0,0,0,OPEN
2025-08-12 17:45:19,XAUUSDm,SELL,0.0,0,0,OPEN
2025-08-12 17:45:34,XAUUSDm,SELL,0.0,0,0,OPEN
2025-08-12 17:46:01,XAUUSDm,SELL,0.0,0,0,OPEN
2025-08-12 17:46:17,XAUUSDm,SELL,0.0,0,0,OPEN
2025-08-12 17:46:32,XAUUSDm,SELL,0.0,0,0,OPEN
2025-08-12 17:47:10,XAUUSDm,SELL,0.0,0,0,OPEN
2025-08-12 17:47:26,XAUUSDm,BUY,0.0,0,0,OPEN
2025-08-12 17:47:41,XAUUSDm,SELL,0.0,0,0,OPEN
2025-08-12 17:48:08,XAUUSDm,SELL,0.0,0,0,OPEN
2025-08-12 17:48:23,XAUUSDm,SELL,0.0,0,0,OPEN
2025-08-12 17:48:38,XAUUSDm,SELL,0.0,0,0,OPEN
2025-08-12 17:48:53,XAUUSDm,SELL,0.0,0,0,OPEN
2025-08-12 17:49:09,XAUUSDm,SELL,0.0,0,0,OPEN
2025-08-12 17:49:24,XAUUSDm,SELL,0.0,0,0,OPEN
2025-08-12 17:49:39,XAUUSDm,SELL,0.0,0,0,OPEN
2025-08-12 17:50:06,XAUUSDm,SELL,0.0,0,0,OPEN
2025-08-12 17:50:21,XAUUSDm,BUY,0.0,0,0,OPEN
2025-08-12 17:51:10,XAUUSDm,SELL,0.0,0,0,OPEN
2025-08-12 17:51:25,XAUUSDm,SELL,0.0,0,0,OPEN
2025-08-12 17:51:40,XAUUSDm,SELL,0.0,0,0,OPEN
2025-08-12 17:52:07,XAUUSDm,SELL,0.0,0,0,OPEN
2025-08-12 17:52:22,XAUUSDm,SELL,0.0,0,0,OPEN
2025-08-12 17:52:37,XAUUSDm,SELL,0.0,0,0,OPEN
2025-08-12 17:53:04,XAUUSDm,SELL,0.0,0,0,OPEN
2025-08-12 17:53:19,XAUUSDm,SELL,0.0,0,0,OPEN
2025-08-12 17:53:34,XAUUSDm,SELL,0.0,0,0,OPEN
2025-08-12 17:53:50,XAUUSDm,BUY,0.0,0,0,OPEN
2025-08-12 17:54:05,XAUUSDm,BUY,0.0,0,0,OPEN
2025-08-12 17:54:20,XAUUSDm,BUY,0.0,0,0,OPEN
2025-08-12 17:54:36,XAUUSDm,BUY,0.0,0,0,OPEN
2025-08-12 17:54:51,XAUUSDm,BUY,0.0,0,0,OPEN
2025-08-12 17:55:06,XAUUSDm,BUY,0.0,0,0,OPEN
2025-08-12 17:55:21,XAUUSDm,SELL,0.0,0,0,OPEN
2025-08-12 19:09:21,XAUUSDm,SELL,0.0,0,0,OPEN
2025-08-12 19:09:35,XAUUSDm,SELL,0.0,0,0,OPEN
2025-08-12 19:09:50,XAUUSDm,SELL,0.0,0,0,OPEN
2025-08-12 19:10:18,XAUUSDm,SELL,0.0,0,0,OPEN
2025-08-12 19:11:07,XAUUSDm,BUY,0.0,0,0,OPEN
2025-08-12 19:11:22,XAUUSDm,BUY,0.0,0,0,OPEN
2025-08-12 19:11:49,XAUUSDm,BUY,0.0,0,0,OPEN
2025-08-12 19:12:07,XAUUSDm,SELL,0.0,0,0,OPEN
2025-08-12 19:12:22,XAUUSDm,BUY,0.0,0,0,OPEN
2025-08-12 19:26:32,XAUUSDm,SELL,0.0,0,0,OPEN
2025-08-12 19:26:46,XAUUSDm,SELL,0.0,0,0,OPEN
2025-08-12 19:27:00,XAUUSDm,SELL,0.0,0,0,OPEN
2025-08-12 19:27:14,XAUUSDm,SELL,0.0,0,0,OPEN
2025-08-12 19:27:29,XAUUSDm,SELL,0.0,0,0,OPEN
2025-08-12 19:27:44,XAUUSDm,SELL,0.0,0,0,OPEN
2025-08-12 19:28:00,XAUUSDm,BUY,0.0,0,0,OPEN
2025-08-12 19:28:15,XAUUSDm,BUY,0.0,0,0,OPEN
2025-08-12 19:28:30,XAUUSDm,SELL,0.0,0,0,OPEN
2025-08-12 19:28:45,XAUUSDm,BUY,0.0,0,0,OPEN
2025-08-12 19:29:00,XAUUSDm,SELL,0.0,0,0,OPEN
2025-08-12 19:29:14,XAUUSDm,SELL,0.0,0,0,OPEN
2025-08-12 19:29:30,XAUUSDm,SELL,0.0,0,0,OPEN
2025-08-12 19:29:44,XAUUSDm,SELL,0.0,0,0,OPEN
2025-08-12 19:30:11,XAUUSDm,BUY,0.0,0,0,OPEN
2025-08-12 19:30:59,XAUUSDm,BUY,0.0,0,0,OPEN
2025-08-12 19:31:14,XAUUSDm,BUY,0.0,0,0,OPEN
2025-08-12 19:32:03,XAUUSDm,BUY,0.0,0,0,OPEN
2025-08-12 19:32:17,XAUUSDm,BUY,0.0,0,0,OPEN
2025-08-12 19:32:32,XAUUSDm,BUY,0.0,0,0,OPEN
2025-08-12 19:32:48,XAUUSDm,BUY,0.0,0,0,OPEN
2025-08-12 19:33:03,XAUUSDm,BUY,0.0,0,0,OPEN
2025-08-12 19:34:03,XAUUSDm,BUY,0.0,0,0,OPEN
2025-08-12 19:35:03,XAUUSDm,BUY,0.0,0,0,OPEN
2025-08-12 19:35:18,XAUUSDm,BUY,0.0,0,0,OPEN
2025-08-12 19:36:07,XAUUSDm,BUY,0.0,0,0,OPEN
2025-08-12 19:36:22,XAUUSDm,SELL,0.0,0,0,OPEN
2025-08-12 19:36:36,XAUUSDm,BUY,0.0,0,0,OPEN
2025-08-12 19:36:51,XAUUSDm,BUY,0.0,0,0,OPEN
2025-08-12 19:37:06,XAUUSDm,BUY,0.0,0,0,OPEN
2025-08-12 19:37:21,XAUUSDm,BUY,0.0,0,0,OPEN
2025-08-12 19:37:47,XAUUSDm,BUY,0.0,0,0,OPEN
2025-08-12 19:38:02,XAUUSDm,BUY,0.0,0,0,OPEN
2025-08-12 19:38:17,XAUUSDm,SELL,0.0,0,0,OPEN
2025-08-12 19:38:32,XAUUSDm,SELL,0.0,0,0,OPEN
2025-08-12 19:38:47,XAUUSDm,SELL,0.0,0,0,OPEN
2025-08-12 19:39:02,XAUUSDm,BUY,0.0,0,0,OPEN
2025-08-12 19:39:17,XAUUSDm,BUY,0.0,0,0,OPEN
2025-08-12 19:39:32,XAUUSDm,BUY,0.0,0,0,OPEN
2025-08-12 19:40:09,XAUUSDm,SELL,0.0,0,0,OPEN
2025-08-12 19:40:24,XAUUSDm,BUY,0.0,0,0,OPEN
2025-08-12 20:00:02,XAUUSDm,SELL,0.0,0,0,OPEN
2025-08-12 20:00:16,XAUUSDm,SELL,0.0,0,0,OPEN
2025-08-12 20:00:31,XAUUSDm,BUY,0.0,0,0,OPEN
2025-08-12 20:01:09,XAUUSDm,SELL,0.0,0,0,OPEN
2025-08-12 20:01:24,XAUUSDm,SELL,0.0,0,0,OPEN
2025-08-12 20:01:39,XAUUSDm,SELL,0.0,0,0,OPEN
2025-08-12 20:01:54,XAUUSDm,SELL,0.0,0,0,OPEN
2025-08-12 20:02:09,XAUUSDm,SELL,0.0,0,0,OPEN
2025-08-12 20:02:24,XAUUSDm,BUY,0.0,0,0,OPEN
2025-08-12 20:02:38,XAUUSDm,SELL,0.0,0,0,OPEN
2025-08-12 20:02:53,XAUUSDm,SELL,0.0,0,0,OPEN
2025-08-12 20:03:08,XAUUSDm,SELL,0.0,0,0,OPEN
2025-08-12 20:03:23,XAUUSDm,SELL,0.0,0,0,OPEN
2025-08-12 20:03:37,XAUUSDm,SELL,0.0,0,0,OPEN
2025-08-12 20:03:52,XAUUSDm,SELL,0.0,0,0,OPEN
2025-08-12 20:04:07,XAUUSDm,SELL,0.0,0,0,OPEN
2025-08-12 20:04:21,XAUUSDm,SELL,0.0,0,0,OPEN
2025-08-12 20:04:36,XAUUSDm,BUY,0.0,0,0,OPEN
2025-08-12 20:04:51,XAUUSDm,BUY,0.0,0,0,OPEN
2025-08-12 20:05:06,XAUUSDm,BUY,0.0,0,0,OPEN
2025-08-12 20:05:21,XAUUSDm,SELL,0.0,0,0,OPEN
2025-08-12 20:05:36,XAUUSDm,SELL,0.0,0,0,OPEN
2025-08-12 20:05:50,XAUUSDm,SELL,0.0,0,0,OPEN
2025-08-12 20:06:05,XAUUSDm,SELL,0.0,0,0,OPEN
2025-08-12 20:06:19,XAUUSDm,SELL,0.0,0,0,OPEN
2025-08-12 20:06:34,XAUUSDm,SELL,0.0,0,0,OPEN
2025-08-12 20:06:49,XAUUSDm,SELL,0.0,0,0,OPEN
2025-08-12 20:07:18,XAUUSDm,BUY,0.0,0,0,OPEN
2025-08-12 20:08:27,XAUUSDm,SELL,0.0,0,0,OPEN
2025-08-12 20:08:41,XAUUSDm,SELL,0.0,0,0,OPEN
2025-08-12 20:09:22,XAUUSDm,SELL,0.0,0,0,OPEN
2025-08-12 20:09:37,XAUUSDm,SELL,0.0,0,0,OPEN
2025-08-12 20:09:52,XAUUSDm,SELL,0.0,0,0,OPEN
2025-08-12 20:10:07,XAUUSDm,SELL,0.0,0,0,OPEN
2025-08-12 20:10:22,XAUUSDm,SELL,0.0,0,0,OPEN
2025-08-12 20:12:04,XAUUSDm,SELL,0.0,0,0,OPEN
2025-08-12 20:12:19,XAUUSDm,SELL,0.0,0,0,OPEN
2025-08-12 20:12:34,XAUUSDm,SELL,0.0,0,0,OPEN
2025-08-12 20:13:01,XAUUSDm,SELL,0.0,0,0,OPEN
2025-08-12 20:13:17,XAUUSDm,BUY,0.0,0,0,OPEN
2025-08-12 20:13:32,XAUUSDm,BUY,0.0,0,0,OPEN
2025-08-12 20:15:00,XAUUSDm,SELL,0.0,0,0,OPEN
2025-08-12 20:15:15,XAUUSDm,BUY,0.0,0,0,OPEN
2025-08-12 20:15:30,XAUUSDm,BUY,0.0,0,0,OPEN
2025-08-12 20:15:45,XAUUSDm,BUY,0.0,0,0,OPEN
2025-08-12 20:15:59,XAUUSDm,BUY,0.0,0,0,OPEN
2025-08-12 20:16:13,XAUUSDm,BUY,0.0,0,0,OPEN
2025-08-12 20:16:28,XAUUSDm,BUY,0.0,0,0,OPEN
2025-08-12 20:16:43,XAUUSDm,BUY,0.0,0,0,OPEN
2025-08-12 20:16:58,XAUUSDm,BUY,0.0,0,0,OPEN
2025-08-12 14:15:33,EURUSD,BUY,0.0,0,0,OPEN
2025-08-12 14:15:37,GBPUSD,BUY,0.0,0,0,OPEN
2025-08-12 14:15:40,USDJPY,SELL,0.0,0,0,OPEN
2025-08-12 14:15:58,EURUSD,BUY,0.0,0,0,OPEN
2025-08-12 14:16:02,GBPUSD,BUY,0.0,0,0,OPEN
2025-08-12 14:16:22,EURUSD,SELL,0.0,0,0,OPEN
2025-08-12 14:16:25,GBPUSD,BUY,0.0,0,0,OPEN
2025-08-12 14:16:29,USDJPY,BUY,0.0,0,0,OPEN
2025-08-12 14:16:47,EURUSD,BUY,0.0,0,0,OPEN
2025-08-12 14:16:50,GBPUSD,BUY,0.0,0,0,OPEN
2025-08-12 14:16:54,USDJPY,SELL,0.0,0,0,OPEN
2025-08-12 14:17:14,GBPUSD,BUY,0.0,0,0,OPEN
2025-08-12 14:17:17,USDJPY,SELL,0.0,0,0,OPEN
2025-08-12 14:17:40,USDJPY,SELL,0.0,0,0,OPEN
2025-08-12 14:17:59,EURUSD,SELL,0.0,0,0,OPEN
2025-08-12 14:18:02,GBPUSD,SELL,0.0,0,0,OPEN
2025-08-12 14:18:22,EURUSD,BUY,0.0,0,0,OPEN
2025-08-12 14:18:28,USDJPY,SELL,0.0,0,0,OPEN
2025-08-12 14:18:49,GBPUSD,BUY,0.0,0,0,OPEN
2025-08-12 14:19:09,EURUSD,BUY,0.0,0,0,OPEN
2025-08-12 14:19:13,GBPUSD,BUY,0.0,0,0,OPEN
2025-08-12 14:19:34,EURUSD,BUY,0.0,0,0,OPEN
2025-08-12 14:19:37,GBPUSD,SELL,0.0,0,0,OPEN
2025-08-12 14:19:40,USDJPY,SELL,0.0,0,0,OPEN
2025-08-12 14:20:01,GBPUSD,SELL,0.0,0,0,OPEN
2025-08-12 14:20:04,USDJPY,BUY,0.0,0,0,OPEN
2025-08-12 14:20:23,EURUSD,BUY,0.0,0,0,OPEN
2025-08-12 14:20:46,EURUSD,BUY,0.0,0,0,OPEN
2025-08-12 14:20:49,GBPUSD,BUY,0.0,0,0,OPEN
2025-08-12 14:20:53,USDJPY,BUY,0.0,0,0,OPEN
2025-08-12 14:21:11,EURUSD,BUY,0.0,0,0,OPEN
2025-08-12 14:21:14,GBPUSD,BUY,0.0,0,0,OPEN
2025-08-12 14:21:35,EURUSD,SELL,0.0,0,0,OPEN
2025-08-12 14:21:40,USDJPY,BUY,0.0,0,0,OPEN
2025-08-12 14:22:03,USDJPY,BUY,0.0,0,0,OPEN
2025-08-12 14:22:22,EURUSD,BUY,0.0,0,0,OPEN
2025-08-12 14:22:25,GBPUSD,BUY,0.0,0,0,OPEN
2025-08-12 14:22:29,USDJPY,BUY,0.0,0,0,OPEN
2025-08-12 14:22:47,EURUSD,SELL,0.0,0,0,OPEN
2025-08-12 14:22:50,GBPUSD,SELL,0.0,0,0,OPEN
2025-08-12 14:22:54,USDJPY,SELL,0.0,0,0,OPEN
2025-08-12 14:23:12,EURUSD,BUY,0.0,0,0,OPEN
2025-08-12 14:23:15,GBPUSD,SELL,0.0,0,0,OPEN
2025-08-12 14:23:36,EURUSD,BUY,0.0,0,0,OPEN
2025-08-12 14:23:39,GBPUSD,SELL,0.0,0,0,OPEN
2025-08-12 14:23:43,USDJPY,SELL,0.0,0,0,OPEN
2025-08-12 14:24:03,GBPUSD,BUY,0.0,0,0,OPEN
2025-08-12 14:24:06,USDJPY,BUY,0.0,0,0,OPEN
2025-08-12 14:24:27,GBPUSD,BUY,0.0,0,0,OPEN
2025-08-12 14:24:50,GBPUSD,SELL,0.0,0,0,OPEN
2025-08-12 14:36:42,EURUSD,BUY,0.0,0,0,OPEN
2025-08-12 14:36:45,GBPUSD,BUY,0.0,0,0,OPEN
2025-08-12 14:36:49,USDJPY,SELL,0.0,0,0,OPEN
2025-08-12 14:37:07,EURUSD,SELL,0.0,0,0,OPEN
2025-08-12 14:37:11,GBPUSD,BUY,0.0,0,0,OPEN
2025-08-12 14:37:14,USDJPY,SELL,0.0,0,0,OPEN
2025-08-12 14:37:32,EURUSD,SELL,0.0,0,0,OPEN
2025-08-12 14:37:38,USDJPY,BUY,0.0,0,0,OPEN
2025-08-12 14:37:56,EURUSD,SELL,0.0,0,0,OPEN
2025-08-12 14:38:00,GBPUSD,BUY,0.0,0,0,OPEN
2025-08-12 14:38:04,USDJPY,BUY,0.0,0,0,OPEN
2025-08-12 14:38:25,EURUSD,BUY,0.0,0,0,OPEN
2025-08-12 14:38:28,GBPUSD,BUY,0.0,0,0,OPEN
2025-08-12 14:38:50,EURUSD,SELL,0.0,0,0,OPEN
2025-08-12 14:38:53,GBPUSD,BUY,0.0,0,0,OPEN
2025-08-12 14:39:13,EURUSD,BUY,0.0,0,0,OPEN
2025-08-12 14:39:19,USDJPY,SELL,0.0,0,0,OPEN
2025-08-12 14:39:37,EURUSD,BUY,0.0,0,0,OPEN
2025-08-12 14:39:40,GBPUSD,BUY,0.0,0,0,OPEN
2025-08-12 14:39:44,USDJPY,SELL,0.0,0,0,OPEN
2025-08-12 14:40:05,GBPUSD,BUY,0.0,0,0,OPEN
2025-08-12 14:40:08,USDJPY,BUY,0.0,0,0,OPEN
2025-08-12 14:40:53,USDJPY,BUY,0.0,0,0,OPEN
2025-08-12 14:41:13,GBPUSD,BUY,0.0,0,0,OPEN
2025-08-12 14:41:17,USDJPY,SELL,0.0,0,0,OPEN
2025-08-12 14:41:35,EURUSD,SELL,0.0,0,0,OPEN
2025-08-12 14:41:38,GBPUSD,BUY,0.0,0,0,OPEN
2025-08-12 14:41:41,USDJPY,BUY,0.0,0,0,OPEN
2025-08-12 14:42:00,EURUSD,BUY,0.0,0,0,OPEN
2025-08-12 14:42:24,GBPUSD,BUY,0.0,0,0,OPEN
2025-08-12 14:42:28,USDJPY,BUY,0.0,0,0,OPEN
2025-08-12 14:42:46,EURUSD,BUY,0.0,0,0,OPEN
2025-08-12 14:42:49,GBPUSD,SELL,0.0,0,0,OPEN
2025-08-12 14:42:53,USDJPY,BUY,0.0,0,0,OPEN
2025-08-12 14:43:11,EURUSD,SELL,0.0,0,0,OPEN
2025-08-12 14:43:15,GBPUSD,BUY,0.0,0,0,OPEN
2025-08-12 14:43:37,GBPUSD,BUY,0.0,0,0,OPEN
2025-08-12 14:44:01,GBPUSD,BUY,0.0,0,0,OPEN
2025-08-12 14:44:22,EURUSD,BUY,0.0,0,0,OPEN
2025-08-12 14:44:27,USDJPY,BUY,0.0,0,0,OPEN
2025-08-12 14:44:45,EURUSD,BUY,0.0,0,0,OPEN
2025-08-12 14:44:49,GBPUSD,SELL,0.0,0,0,OPEN
2025-08-12 14:44:52,USDJPY,BUY,0.0,0,0,OPEN
2025-08-12 14:45:15,USDJPY,BUY,0.0,0,0,OPEN
2025-08-12 14:45:34,EURUSD,SELL,0.0,0,0,OPEN
2025-08-12 14:45:37,GBPUSD,BUY,0.0,0,0,OPEN
2025-08-12 14:45:58,EURUSD,SELL,0.0,0,0,OPEN
2025-08-12 14:46:01,GBPUSD,SELL,0.0,0,0,OPEN
2025-08-12 14:46:22,EURUSD,BUY,0.0,0,0,OPEN
2025-08-12 14:46:25,GBPUSD,BUY,0.0,0,0,OPEN
2025-08-12 14:46:29,USDJPY,BUY,0.0,0,0,OPEN
2025-08-12 14:46:47,EURUSD,BUY,0.0,0,0,OPEN
2025-08-12 14:46:53,USDJPY,BUY,0.0,0,0,OPEN
2025-08-12 14:47:11,EURUSD,SELL,0.0,0,0,OPEN
2025-08-12 14:47:14,GBPUSD,SELL,0.0,0,0,OPEN
2025-08-12 14:47:35,EURUSD,BUY,0.0,0,0,OPEN
2025-08-12 14:47:40,USDJPY,BUY,0.0,0,0,OPEN
2025-08-12 14:48:01,GBPUSD,SELL,0.0,0,0,OPEN
2025-08-12 14:48:04,USDJPY,SELL,0.0,0,0,OPEN
2025-08-12 14:48:23,EURUSD,BUY,0.0,0,0,OPEN
2025-08-12 14:48:26,GBPUSD,BUY,0.0,0,0,OPEN
2025-08-12 14:48:30,USDJPY,BUY,0.0,0,0,OPEN
2025-08-12 14:48:48,EURUSD,SELL,0.0,0,0,OPEN
2025-08-12 14:49:13,GBPUSD,BUY,0.0,0,0,OPEN
2025-08-12 14:49:34,EURUSD,SELL,0.0,0,0,OPEN
2025-08-12 14:49:37,GBPUSD,BUY,0.0,0,0,OPEN
2025-08-12 14:49:58,EURUSD,BUY,0.0,0,0,OPEN
2025-08-12 14:50:01,GBPUSD,SELL,0.0,0,0,OPEN
2025-08-12 14:50:05,USDJPY,BUY,0.0,0,0,OPEN
2025-08-12 14:50:23,EURUSD,SELL,0.0,0,0,OPEN
2025-08-12 14:50:27,GBPUSD,BUY,0.0,0,0,OPEN
2025-08-12 14:50:50,GBPUSD,SELL,0.0,0,0,OPEN
2025-08-12 14:51:10,EURUSD,SELL,0.0,0,0,OPEN
2025-08-12 14:51:14,GBPUSD,SELL,0.0,0,0,OPEN
2025-08-12 14:51:35,EURUSD,SELL,0.0,0,0,OPEN
2025-08-12 14:51:38,GBPUSD,BUY,0.0,0,0,OPEN
2025-08-12 14:51:41,USDJPY,SELL,0.0,0,0,OPEN
2025-08-12 14:52:00,EURUSD,BUY,0.0,0,0,OPEN
2025-08-12 14:52:03,GBPUSD,SELL,0.0,0,0,OPEN
2025-08-12 14:52:07,USDJPY,SELL,0.0,0,0,OPEN
2025-08-12 14:52:28,GBPUSD,BUY,0.0,0,0,OPEN
2025-08-12 14:52:31,USDJPY,BUY,0.0,0,0,OPEN
2025-08-12 14:52:52,GBPUSD,SELL,0.0,0,0,OPEN
2025-08-12 14:52:55,USDJPY,BUY,0.0,0,0,OPEN
2025-08-12 14:53:14,EURUSD,BUY,0.0,0,0,OPEN
2025-08-12 14:53:17,GBPUSD,SELL,0.0,0,0,OPEN
2025-08-12 14:53:21,USDJPY,BUY,0.0,0,0,OPEN
2025-08-12 14:53:44,USDJPY,SELL,0.0,0,0,OPEN
2025-08-12 14:54:02,EURUSD,SELL,0.0,0,0,OPEN
2025-08-12 14:54:05,GBPUSD,SELL,0.0,0,0,OPEN
2025-08-12 14:54:09,USDJPY,SELL,0.0,0,0,OPEN
2025-08-12 14:54:29,GBPUSD,BUY,0.0,0,0,OPEN
2025-08-12 14:54:33,USDJPY,BUY,0.0,0,0,OPEN
2025-08-12 14:54:51,EURUSD,BUY,0.0,0,0,OPEN
2025-08-12 14:54:54,GBPUSD,BUY,0.0,0,0,OPEN
2025-08-12 14:54:58,USDJPY,SELL,0.0,0,0,OPEN
2025-08-12 14:55:18,GBPUSD,BUY,0.0,0,0,OPEN
2025-08-12 14:55:22,USDJPY,SELL,0.0,0,0,OPEN
2025-08-12 14:55:40,EURUSD,SELL,0.0,0,0,OPEN
2025-08-12 14:56:05,GBPUSD,BUY,0.0,0,0,OPEN
2025-08-12 14:56:25,EURUSD,SELL,0.0,0,0,OPEN
2025-08-12 14:56:29,GBPUSD,BUY,0.0,0,0,OPEN
2025-08-12 14:56:32,USDJPY,SELL,0.0,0,0,OPEN
2025-08-12 14:56:50,EURUSD,BUY,0.0,0,0,OPEN
2025-08-12 14:56:54,GBPUSD,BUY,0.0,0,0,OPEN
2025-08-12 14:56:57,USDJPY,SELL,0.0,0,0,OPEN
2025-08-12 14:57:16,EURUSD,BUY,0.0,0,0,OPEN
2025-08-12 14:57:19,GBPUSD,BUY,0.0,0,0,OPEN
2025-08-12 14:57:22,USDJPY,SELL,0.0,0,0,OPEN
2025-08-12 14:57:41,EURUSD,BUY,0.0,0,0,OPEN
2025-08-12 14:57:46,USDJPY,BUY,0.0,0,0,OPEN
2025-08-12 14:58:09,USDJPY,BUY,0.0,0,0,OPEN
2025-08-12 14:58:28,EURUSD,SELL,0.0,0,0,OPEN
2025-08-12 14:58:33,USDJPY,BUY,0.0,0,0,OPEN
2025-08-12 14:58:54,GBPUSD,SELL,0.0,0,0,OPEN
2025-08-12 14:58:57,USDJPY,BUY,0.0,0,0,OPEN
2025-08-12 14:59:16,EURUSD,SELL,0.0,0,0,OPEN
2025-08-12 14:59:19,GBPUSD,SELL,0.0,0,0,OPEN
2025-08-12 14:59:22,USDJPY,BUY,0.0,0,0,OPEN
2025-08-12 14:59:41,EURUSD,SELL,0.0,0,0,OPEN
2025-08-12 14:59:44,GBPUSD,SELL,0.0,0,0,OPEN
2025-08-12 15:00:05,EURUSD,BUY,0.0,0,0,OPEN
2025-08-12 15:00:08,GBPUSD,BUY,0.0,0,0,OPEN
2025-08-12 15:00:11,USDJPY,SELL,0.0,0,0,OPEN
2025-08-12 15:00:30,EURUSD,SELL,0.0,0,0,OPEN
2025-08-12 15:00:34,GBPUSD,SELL,0.0,0,0,OPEN
2025-08-12 15:00:59,USDJPY,BUY,0.0,0,0,OPEN
2025-08-12 15:01:17,EURUSD,SELL,0.0,0,0,OPEN
2025-08-12 15:01:21,GBPUSD,BUY,0.0,0,0,OPEN
2025-08-12 15:01:24,USDJPY,BUY,0.0,0,0,OPEN
2025-08-12 15:01:43,EURUSD,SELL,0.0,0,0,OPEN
2025-08-12 15:01:46,GBPUSD,SELL,0.0,0,0,OPEN
2025-08-12 15:01:49,USDJPY,SELL,0.0,0,0,OPEN
2025-08-12 15:02:12,USDJPY,BUY,0.0,0,0,OPEN
2025-08-12 15:02:31,EURUSD,BUY,0.0,0,0,OPEN
2025-08-12 15:02:34,GBPUSD,SELL,0.0,0,0,OPEN
2025-08-12 15:02:37,USDJPY,SELL,0.0,0,0,OPEN
2025-08-12 15:02:59,GBPUSD,SELL,0.0,0,0,OPEN
2025-08-12 15:03:02,USDJPY,SELL,0.0,0,0,OPEN
2025-08-12 15:03:20,EURUSD,SELL,0.0,0,0,OPEN
2025-08-12 15:03:24,GBPUSD,SELL,0.0,0,0,OPEN
2025-08-12 15:03:27,USDJPY,BUY,0.0,0,0,OPEN
2025-08-12 15:03:46,EURUSD,BUY,0.0,0,0,OPEN
2025-08-12 15:04:09,EURUSD,SELL,0.0,0,0,OPEN
2025-08-12 15:04:12,GBPUSD,SELL,0.0,0,0,OPEN
2025-08-12 15:04:33,EURUSD,BUY,0.0,0,0,OPEN
2025-08-12 15:05:00,USDJPY,BUY,0.0,0,0,OPEN
2025-08-12 15:05:18,EURUSD,BUY,0.0,0,0,OPEN
2025-08-12 15:05:22,GBPUSD,SELL,0.0,0,0,OPEN
2025-08-12 15:05:25,USDJPY,SELL,0.0,0,0,OPEN
2025-08-12 15:05:43,EURUSD,BUY,0.0,0,0,OPEN
2025-08-12 15:06:06,EURUSD,SELL,0.0,0,0,OPEN
2025-08-12 15:06:10,GBPUSD,SELL,0.0,0,0,OPEN
2025-08-12 15:06:13,USDJPY,SELL,0.0,0,0,OPEN
2025-08-12 15:06:32,EURUSD,SELL,0.0,0,0,OPEN
2025-08-12 15:06:35,GBPUSD,BUY,0.0,0,0,OPEN
2025-08-12 15:06:56,EURUSD,BUY,0.0,0,0,OPEN
2025-08-12 15:06:59,GBPUSD,BUY,0.0,0,0,OPEN
2025-08-12 15:07:03,USDJPY,BUY,0.0,0,0,OPEN
2025-08-12 15:07:21,EURUSD,BUY,0.0,0,0,OPEN
2025-08-12 15:07:44,EURUSD,BUY,0.0,0,0,OPEN
2025-08-12 15:07:47,GBPUSD,BUY,0.0,0,0,OPEN
2025-08-12 15:08:30,EURUSD,BUY,0.0,0,0,OPEN
2025-08-12 15:08:34,GBPUSD,SELL,0.0,0,0,OPEN
2025-08-12 15:08:54,EURUSD,SELL,0.0,0,0,OPEN
2025-08-12 15:09:00,USDJPY,BUY,0.0,0,0,OPEN
2025-08-12 15:09:19,EURUSD,BUY,0.0,0,0,OPEN
2025-08-12 15:09:44,GBPUSD,SELL,0.0,0,0,OPEN
2025-08-12 15:09:47,USDJPY,BUY,0.0,0,0,OPEN
2025-08-12 15:10:06,EURUSD,SELL,0.0,0,0,OPEN
2025-08-12 15:10:09,GBPUSD,SELL,0.0,0,0,OPEN
2025-08-12 15:10:12,USDJPY,SELL,0.0,0,0,OPEN
2025-08-12 15:10:30,EURUSD,SELL,0.0,0,0,OPEN
2025-08-12 15:10:34,GBPUSD,BUY,0.0,0,0,OPEN
2025-08-12 15:10:37,USDJPY,SELL,0.0,0,0,OPEN
2025-08-12 15:10:56,EURUSD,BUY,0.0,0,0,OPEN
2025-08-12 15:10:59,GBPUSD,BUY,0.0,0,0,OPEN
2025-08-12 15:11:20,EURUSD,SELL,0.0,0,0,OPEN
2025-08-12 15:11:23,GBPUSD,BUY,0.0,0,0,OPEN
2025-08-12 15:11:26,USDJPY,SELL,0.0,0,0,OPEN
2025-08-12 15:11:33,EURUSD,BUY,0.0,0,0,OPEN
2025-08-12 15:12:19,EURUSD,SELL,0.0,0,0,OPEN
2025-08-12 15:12:23,GBPUSD,SELL,0.0,0,0,OPEN
2025-08-12 15:12:43,EURUSD,SELL,0.0,0,0,OPEN
2025-08-12 15:12:47,GBPUSD,BUY,0.0,0,0,OPEN
2025-08-12 15:13:10,GBPUSD,SELL,0.0,0,0,OPEN
2025-08-12 15:13:14,USDJPY,BUY,0.0,0,0,OPEN
2025-08-12 15:13:36,USDJPY,SELL,0.0,0,0,OPEN
2025-08-12 15:13:55,EURUSD,BUY,0.0,0,0,OPEN
2025-08-12 15:14:01,USDJPY,SELL,0.0,0,0,OPEN
2025-08-12 15:14:19,EURUSD,SELL,0.0,0,0,OPEN
2025-08-12 15:14:45,GBPUSD,BUY,0.0,0,0,OPEN
2025-08-12 15:14:48,USDJPY,SELL,0.0,0,0,OPEN
2025-08-12 15:15:06,EURUSD,SELL,0.0,0,0,OPEN
2025-08-12 15:15:12,USDJPY,BUY,0.0,0,0,OPEN
2025-08-12 15:15:31,EURUSD,BUY,0.0,0,0,OPEN
2025-08-12 15:15:34,GBPUSD,SELL,0.0,0,0,OPEN
2025-08-12 15:15:55,EURUSD,BUY,0.0,0,0,OPEN
2025-08-12 15:15:59,GBPUSD,SELL,0.0,0,0,OPEN
2025-08-12 15:16:02,USDJPY,BUY,0.0,0,0,OPEN
2025-08-12 15:16:20,EURUSD,BUY,0.0,0,0,OPEN
2025-08-12 15:16:24,GBPUSD,SELL,0.0,0,0,OPEN
2025-08-12 15:16:44,EURUSD,SELL,0.0,0,0,OPEN
2025-08-12 15:16:48,GBPUSD,SELL,0.0,0,0,OPEN
2025-08-12 15:16:52,USDJPY,BUY,0.0,0,0,OPEN
2025-08-12 15:17:15,USDJPY,BUY,0.0,0,0,OPEN
2025-08-12 15:17:35,GBPUSD,BUY,0.0,0,0,OPEN
2025-08-12 15:17:38,USDJPY,BUY,0.0,0,0,OPEN
2025-08-12 15:17:59,GBPUSD,SELL,0.0,0,0,OPEN
2025-08-12 15:18:03,USDJPY,BUY,0.0,0,0,OPEN
2025-08-12 15:18:23,GBPUSD,BUY,0.0,0,0,OPEN
2025-08-12 15:18:27,USDJPY,BUY,0.0,0,0,OPEN
2025-08-12 15:18:47,GBPUSD,BUY,0.0,0,0,OPEN
2025-08-12 15:19:08,EURUSD,SELL,0.0,0,0,OPEN
2025-08-12 15:19:12,GBPUSD,SELL,0.0,0,0,OPEN
2025-08-12 15:19:15,USDJPY,SELL,0.0,0,0,OPEN
2025-08-12 15:19:39,USDJPY,BUY,0.0,0,0,OPEN
2025-08-12 15:20:00,GBPUSD,SELL,0.0,0,0,OPEN
2025-08-12 15:20:03,USDJPY,BUY,0.0,0,0,OPEN
2025-08-12 15:20:21,EURUSD,SELL,0.0,0,0,OPEN
2025-08-12 15:20:24,EURUSD,BUY,0.0,0,0,OPEN
2025-08-12 15:20:30,USDJPY,SELL,0.0,0,0,OPEN
2025-08-12 15:20:49,EURUSD,SELL,0.0,0,0,OPEN
2025-08-12 15:20:55,USDJPY,BUY,0.0,0,0,OPEN
2025-08-12 15:21:13,EURUSD,BUY,0.0,0,0,OPEN
2025-08-12 15:21:17,GBPUSD,BUY,0.0,0,0,OPEN
2025-08-12 15:21:20,USDJPY,SELL,0.0,0,0,OPEN
2025-08-12 15:21:39,EURUSD,BUY,0.0,0,0,OPEN
2025-08-12 15:21:42,GBPUSD,BUY,0.0,0,0,OPEN
2025-08-12 15:22:05,GBPUSD,SELL,0.0,0,0,OPEN
2025-08-12 15:22:08,USDJPY,SELL,0.0,0,0,OPEN
2025-08-12 15:22:27,EURUSD,SELL,0.0,0,0,OPEN
2025-08-12 15:22:50,EURUSD,SELL,0.0,0,0,OPEN
2025-08-12 15:22:56,USDJPY,SELL,0.0,0,0,OPEN
2025-08-12 15:23:14,EURUSD,BUY,0.0,0,0,OPEN
2025-08-12 15:23:17,GBPUSD,BUY,0.0,0,0,OPEN
2025-08-12 15:23:38,EURUSD,BUY,0.0,0,0,OPEN
2025-08-12 15:23:44,USDJPY,SELL,0.0,0,0,OPEN
2025-08-12 15:23:48,EURUSD,BUY,0.0,0,0,OPEN
2025-08-12 15:23:52,GBPUSD,BUY,0.0,0,0,OPEN
2025-08-12 15:24:15,GBPUSD,SELL,0.0,0,0,OPEN
2025-08-12 15:24:18,USDJPY,SELL,0.0,0,0,OPEN
2025-08-12 15:24:37,EURUSD,SELL,0.0,0,0,OPEN
2025-08-12 15:24:40,GBPUSD,BUY,0.0,0,0,OPEN
2025-08-12 15:25:01,EURUSD,BUY,0.0,0,0,OPEN
2025-08-12 15:25:04,GBPUSD,SELL,0.0,0,0,OPEN
2025-08-12 15:25:08,USDJPY,BUY,0.0,0,0,OPEN
2025-08-12 15:25:26,EURUSD,SELL,0.0,0,0,OPEN
2025-08-12 15:25:29,GBPUSD,BUY,0.0,0,0,OPEN
2025-08-12 15:25:33,USDJPY,BUY,0.0,0,0,OPEN
2025-08-12 15:25:54,GBPUSD,SELL,0.0,0,0,OPEN
2025-08-12 15:25:57,USDJPY,BUY,0.0,0,0,OPEN
2025-08-12 15:26:16,EURUSD,BUY,0.0,0,0,OPEN
2025-08-12 15:26:21,USDJPY,SELL,0.0,0,0,OPEN
2025-08-12 15:27:01,EURUSD,BUY,0.0,0,0,OPEN
2025-08-12 15:27:07,USDJPY,BUY,0.0,0,0,OPEN
2025-08-12 15:27:28,GBPUSD,BUY,0.0,0,0,OPEN
2025-08-12 15:27:48,EURUSD,BUY,0.0,0,0,OPEN
2025-08-12 15:27:54,USDJPY,BUY,0.0,0,0,OPEN
2025-08-12 15:28:13,EURUSD,SELL,0.0,0,0,OPEN
2025-08-12 15:28:16,GBPUSD,BUY,0.0,0,0,OPEN
2025-08-12 15:28:41,USDJPY,SELL,0.0,0,0,OPEN
2025-08-12 15:29:00,EURUSD,SELL,0.0,0,0,OPEN
2025-08-12 15:29:03,GBPUSD,BUY,0.0,0,0,OPEN
2025-08-12 15:29:06,USDJPY,BUY,0.0,0,0,OPEN
2025-08-12 15:29:27,GBPUSD,BUY,0.0,0,0,OPEN
2025-08-12 15:29:48,EURUSD,BUY,0.0,0,0,OPEN
2025-08-12 15:29:51,GBPUSD,BUY,0.0,0,0,OPEN
2025-08-12 15:30:12,EURUSD,BUY,0.0,0,0,OPEN
2025-08-12 15:30:18,USDJPY,BUY,0.0,0,0,OPEN
2025-08-12 15:30:36,EURUSD,SELL,0.0,0,0,OPEN
2025-08-12 15:30:40,GBPUSD,BUY,0.0,0,0,OPEN
2025-08-12 15:30:43,USDJPY,BUY,0.0,0,0,OPEN
2025-08-12 15:31:02,EURUSD,SELL,0.0,0,0,OPEN
2025-08-12 15:31:05,GBPUSD,SELL,0.0,0,0,OPEN
2025-08-12 15:31:28,GBPUSD,BUY,0.0,0,0,OPEN
2025-08-12 15:31:49,EURUSD,BUY,0.0,0,0,OPEN
2025-08-12 15:31:54,USDJPY,BUY,0.0,0,0,OPEN
2025-08-12 15:32:13,EURUSD,BUY,0.0,0,0,OPEN
2025-08-12 15:32:16,GBPUSD,SELL,0.0,0,0,OPEN
2025-08-12 15:32:20,USDJPY,BUY,0.0,0,0,OPEN
2025-08-12 15:32:41,GBPUSD,BUY,0.0,0,0,OPEN
2025-08-12 15:32:44,USDJPY,SELL,0.0,0,0,OPEN
2025-08-12 15:33:03,EURUSD,SELL,0.0,0,0,OPEN
2025-08-12 15:33:08,USDJPY,BUY,0.0,0,0,OPEN
2025-08-12 15:33:31,USDJPY,BUY,0.0,0,0,OPEN
2025-08-12 15:33:54,USDJPY,SELL,0.0,0,0,OPEN
2025-08-12 15:34:13,EURUSD,SELL,0.0,0,0,OPEN
2025-08-12 15:34:16,GBPUSD,BUY,0.0,0,0,OPEN
2025-08-12 15:34:19,USDJPY,SELL,0.0,0,0,OPEN
2025-08-12 15:34:40,GBPUSD,SELL,0.0,0,0,OPEN
2025-08-12 15:34:48,GBPUSD,BUY,0.0,0,0,OPEN
2025-08-12 15:35:08,EURUSD,SELL,0.0,0,0,OPEN
2025-08-12 15:35:14,USDJPY,BUY,0.0,0,0,OPEN
2025-08-12 15:35:35,GBPUSD,BUY,0.0,0,0,OPEN
2025-08-12 15:35:55,EURUSD,SELL,0.0,0,0,OPEN
2025-08-12 15:35:58,GBPUSD,SELL,0.0,0,0,OPEN
2025-08-12 15:36:19,EURUSD,BUY,0.0,0,0,OPEN
2025-08-12 15:36:25,USDJPY,BUY,0.0,0,0,OPEN
2025-08-12 15:36:46,GBPUSD,BUY,0.0,0,0,OPEN
2025-08-12 15:37:06,EURUSD,BUY,0.0,0,0,OPEN
2025-08-12 15:37:21,EURUSD,SELL,0.0,0,0,OPEN
2025-08-12 15:37:27,USDJPY,BUY,0.0,0,0,OPEN
2025-08-12 15:37:46,EURUSD,SELL,0.0,0,0,OPEN
2025-08-12 15:37:51,USDJPY,BUY,0.0,0,0,OPEN
2025-08-12 15:38:10,EURUSD,SELL,0.0,0,0,OPEN
